date,ticker,close,news_summary
2025-01-03,NVDA,120.5,AI demand remained strong and investor sentiment was positive.
2025-01-10,NVDA,123.8,The company announced stronger-than-expected quarterly revenue.
2025-01-17,NVDA,121.2,Market pulled back due to concerns about interest rates.
2025-01-24,NVDA,125.6,Analysts raised price targets after positive earnings guidance.
2025-01-31,NVDA,128.3,Technology stocks gained momentum as AI-related demand increased.
2025-02-07,NVDA,126.9,Short-term profit taking caused a slight decline.
2025-02-14,NVDA,130.2,The company announced a new product partnership.
2025-02-21,NVDA,132.8,Investor confidence improved after strong sector performance.
2025-02-28,NVDA,131.5,Broader market volatility created pressure on growth stocks.
2025-03-07,NVDA,135.1,Positive news around AI infrastructure boosted sentiment.
2025-03-14,NVDA,137.4,The stock continued upward momentum with strong trading volume.
2025-03-21,NVDA,136.2,Minor correction occurred after rapid gains.